-- MySQL dump 10.13  Distrib 8.0.26, for Win64 (x86_64)
--
-- Host: localhost    Database: world_geopedia_system
-- ------------------------------------------------------
-- Server version	8.0.26

/*!40101 SET @OLD_CHARACTER_SET_CLIENT=@@CHARACTER_SET_CLIENT */;
/*!40101 SET @OLD_CHARACTER_SET_RESULTS=@@CHARACTER_SET_RESULTS */;
/*!40101 SET @OLD_COLLATION_CONNECTION=@@COLLATION_CONNECTION */;
/*!50503 SET NAMES utf8 */;
/*!40103 SET @OLD_TIME_ZONE=@@TIME_ZONE */;
/*!40103 SET TIME_ZONE='+00:00' */;
/*!40014 SET @OLD_UNIQUE_CHECKS=@@UNIQUE_CHECKS, UNIQUE_CHECKS=0 */;
/*!40014 SET @OLD_FOREIGN_KEY_CHECKS=@@FOREIGN_KEY_CHECKS, FOREIGN_KEY_CHECKS=0 */;
/*!40101 SET @OLD_SQL_MODE=@@SQL_MODE, SQL_MODE='NO_AUTO_VALUE_ON_ZERO' */;
/*!40111 SET @OLD_SQL_NOTES=@@SQL_NOTES, SQL_NOTES=0 */;

--
-- Table structure for table `capital`
--

DROP TABLE IF EXISTS `capital`;
/*!40101 SET @saved_cs_client     = @@character_set_client */;
/*!50503 SET character_set_client = utf8mb4 */;
CREATE TABLE `capital` (
  `Name` varchar(45) NOT NULL,
  `Population` varchar(35) DEFAULT NULL,
  `Area` varchar(20) DEFAULT NULL,
  `Governor` varchar(35) DEFAULT NULL,
  `Coordinates` varchar(30) DEFAULT NULL,
  PRIMARY KEY (`Name`)
) ENGINE=InnoDB DEFAULT CHARSET=utf8mb4 COLLATE=utf8mb4_0900_ai_ci;
/*!40101 SET character_set_client = @saved_cs_client */;

--
-- Dumping data for table `capital`
--

LOCK TABLES `capital` WRITE;
/*!40000 ALTER TABLE `capital` DISABLE KEYS */;
INSERT INTO `capital` VALUES ('Abu Dhabi','1,450,000','972 km2','Municipality','24°28′N 54°22′E'),('Abuja','1,235,880','1,769 km2','Federal Capital Development Authori','9°4′N 7°29′E'),('Accra','5,055,900','173 km2','','5°33′N 0°12′W'),('Addis Ababa','3,384,569','527 km2','Adanech Abebe','9°1′48″N 38°44′24″E'),('Algiers','3,915,811','363 km2','Abdelkader Seyouda ','36°45′14″N 3°3′32″E'),('Amman','4,302,730','1,680 km2','Noor Alnazer Farah Nabulsi','31°56′59″N 35°55′58″E'),('Amsterdam','872,680','219.32 km2','Municipal council','52°22′N 4°54′E'),('Andorra la Vella','22,256','12 km2','Conxita Marsol','42°30′N 01°30′E'),('Ankara','5,663,322','24,521 km2','Mansur Yavaş ','39°55′48″N 32°51′00″E'),('Antananarivo','1,275,207','85.01 km2','Naina Andriantsitohaina','18°56′S 47°31′E'),('Ashgabat','1,031,992','917.6 km2','Presidential','37°56′15″N 58°22′48″E'),('Asmara','963,000','45 km2','Fshaye Haile','15°19′22″N 38°55′30″E'),('Asunción','525,252','117 km2','Óscar Rodríguez','25°18′S 57°38′W'),('Athens','664,046','38.964 km2','Mayor–council government','37°59′03″N 23°43′41″E'),('Baghdad','8,126,755','673 km2','Alaa Al-Amari','33°20′N 44°23′E'),('Baku','2,293,100','2,140 km2','Eldar Azizov','40°23′43″N 49°52′56″E'),('Bamako','2,713,000','245.0 km2','Capital District','12°38′21″N 8°0′10″W'),('Bandar Seri Begawan','100,700','100.36 km2','Bandar Seri Begawan Municipal Depar','4°53′25″N 114°56′32″E'),('Bangkok','8,305,218','1,568.737 km2','Special administrative area','13°45′09″N 100°29′39″E'),('Bangui','889,231','67 km2','Emile Raymond Gros Nakombo ','04°22′24″N 18°33′46″E'),('Banjul','73,000','12 km2','Rohey Malick Lowe','13°27′11″N 16°34′39″W'),('Basseterre','14,000','6.1 km2','','17°18′N 62°44′W'),('Beijing','21,893,095','16,410.5 km2','Cai Qi','39°54′24″N 116°23′51″E'),('Beirut','c.  361,366','19.8 km2','Marwan Abboud','33°53′13″N 35°30′47″E'),('Belgrade','1,166,763','359.9 km2','City Assembly of Belgrade','44°49′N 20°28′E'),('Belmopan','16,451','32.78 km2','Khalid Belisle ','17°15′5″N 88°46′1″W'),('Berlin','3,664,088','891.7 km2','Abgeordnetenhaus of Berlin','52°31′12″N 13°24′18″E'),('Bern','133,791','51.62 km2','Gemeinderat with 5 members','46°56′53″N 7°26′51″E'),('Bishkek','1,053,915','169.9 km2','Aibek Dzhunushaliev','42°52′29″N 74°36′44″E'),('Bissau','492,004','77.5 km2','','11°51′N 15°34′W'),('Bloemfontein','556,000','236.17 km2','','29°07′S 26°13′E'),('Bogotá','7,412,566','1,587 km2','Claudia López Hernández','4°42′40″N 74°4′20″W'),('Brasília','480.827/km2 (1,245.34/sq mi)','5,802 km2','','15°47′38″S 47°52′58″W'),('Bratislava','440,948','367.584 km2','Matúš Vallo','48°08′38″N 17°06′35″E'),('Brazzaville','1,696,392','263.9 km2','Dieudonné Bantsimba','4°16′4″S 15°17′31″E'),('Bridgetown','110,000','15 sq mi','','13°05′51″N 59°37′00″W'),('Brussels','1,208,542','162.4 km2','Government of the Brussels-Capital ','50°51′N 4°21′E'),('Bucharest','1,883,425','228 km2','Strong Mayor–Council','44°25′57″N 26°6′14″E'),('Budapest','1,752,286','525.2 km2','Gergely Karácsony ','47°29′33″N 19°03′05″E'),('Buenos Aires','1st','203 km2','Horacio Rodríguez Larreta ','34°36′12″S 58°22′54″W'),('Cairo','1,539,673 ','3,085.12 km2','Khaled Abdel Aal','30°2′N 31°14′E'),('Camp Justice (Diego Garcia)','','','',''),('Caracas','2,245,744','433 km2','Jacqueline Faría','10°28′50″N 66°54′13″W'),('Castries','20,000','79 km2','Castries City Council','14°01′N 60°59′W'),('Chișinău','532,513','123 km2','Ion Ceban','47°01′22″N 28°50′07″E'),('City of San Marino','4,071','7.09 km2','Tomaso Rossini ','43°56′4.56″N 12°26′50.28″E'),('Conakry','1,660,973','450 km2','','09°30′33″N 13°42′44″W'),('Copenhagen','799,033','179.8 km2','','55°40′34″N 12°34′06″E'),('Dakar','1,146,052','83 km2','Soham El Wardini ','14°41′34″N 17°26′48″W'),('Damascus','2,079,000','105 km2','','33°30′47″N 36°17′31″E'),('Dhaka','1st','306 km2','Atiqul Islam','23°45′50″N 90°23′20″E'),('Dili','222,323','48.27 km2','Jaime Correia ','08°33′13″S 125°34′42″E'),('Djibouti (city)','600,000','26 km2','Fatouma Awaleh Osman','11°35′18″N 43°08′42″E'),('Dodoma','2,245,800','2,576 km2','Davis G. Mwamfupe','6°10′23″S 35°44′31″E'),('Doha','2,382,000','132 km2','','25°17′12″N 51°32′0″E'),('Downtown Core','2,720','4.34 km2','Central Singapore CDC\nDenise Phua\n','1°17′12″N 103°51′13″E'),('Dublin','554,554','117.8 km2','City Council','53°20′59″N 06°15′37″W'),('Dushanbe','863,400','203.1825 km2','Rustam Emomali ','38°32′12″N 68°46′48″E'),('Episkopi Cantonment','','','',''),('Flying Fish Cove','','','',''),('Freetown','1,055,964','81.48 km2','City council','8°29′4″N 13°14′4″W'),('French language','','','',''),('Gaborone','231,626','169 km2','Thata Father Maphongo ','24°39′29″S 25°54′44″E'),('Georgetown, Guyana','118,363','70 km2','Mayor-Council','6°48′4″N 58°9′19″W'),('Gitega','135,467','22 km2','','3°26′S 29°54′E'),('Guatemala City','995,393','220 km2','Municipality','14°36′48″N 90°32′7″W'),('Hanoi','8,053,663 (2nd)','3,358.6 km2','Đinh Tiến Dũng','21°01′42″N 105°51′15″E'),('Harare','2,123,132','960.6 km2','Mayor-council government','17°49′45″S 31°3′8″E'),('Havana','2,130,517','728.26 km2','Gobierno Provincial de La Habana','23°08′12″N 82°21′32″W'),('Helsinki','14.3%','715.48 km2','Juhana Vartiainen ','60°10′15″N 24°56′15″E'),('Hong Kong','','','',''),('Islamabad','1,014,825','220 km2','Metropolitan Corporation','33°41′35″N 73°03′50″E'),('Italian language','','','',''),('Jakarta','10,562,088','664.01 km2','Anies Baswedan','6°12′S 106°49′E'),('Jerusalem','936,425','125,156 dunams','Moshe Lion ','31°47′N 35°13′E'),('Juba','525,953','52 km2','Mayor-council government','4°51′N 31°36′E'),('Kabul','4,601,789','1,028.24 km2','Municipality','34°31′31″N 69°10′42″E'),('Kampala','1,680,600','189 km2','Erias Lukwago','00°18′49″N 32°34′52″E'),('Kathmandu','975,453','49.45 km2','Bidya Sundar Shakya ','27°43′02″N 85°19′26″E'),('Khartoum','639,598','1,010 km2','','15°30′2″N 32°33′36″E'),('Kigali','1,132,686','730 km2','Pudence Rubingisa','1°56′38″S 30°3′34″E'),('Kingston, Jamaica','662,435','480 km2','Delroy Williams','17°58′17″N 76°47′35″W'),('Kingstown','12,909','Af','','13°09′28″N 061°13′30″W'),('Kinshasa','17,071,000','9,965 km2','Gentiny Ngobila Mbala','4°19′30″S 15°19′20″E'),('Kuala Lumpur','1,790,000','243 km2','Mahadi bin Che Ngah\n','03°08′52″N 101°41′43″E'),('Kuwait City','3 million','','','29°22′11″N 47°58′42″E'),('Kyiv',' 2,962,180','839 km2','Vitali Klitschko','50°27′00″N 30°31′24″E'),('Libreville','703,904','65.42 km2','','0°23′25″N 9°27′15″E'),('Lilongwe','989,318','727.79 km2','Juliana Kaduya','13°59′S 33°47′E'),('Lima','9,751,717','2,672.3 km2','Jorge Muñoz','12°03′S 77°02′W'),('Lisbon','544,851','100.05 km2','Carlos Moedas','38°43′31″N 9°09′00″W'),('Ljubljana',' 295,504','163.8 km2','Zoran Janković ','46°03′20″N 14°30′30″E'),('Lobamba','9,900','SZ/SWZ[4]','','26°25′0″S 31°10′0″E'),('Lomé','837,437','99.14 km2','Aouissi Lodé','6°7′55″N 1°13′22″E'),('London','8,961,989','1,572 km2','14 constituencies','51°30′26″N 0°7′39″W'),('Luanda','2,571,861','116 km2','','8°50′18″S 13°14′4″E'),('Lusaka','1,747,152','418 km2','Miles Sampa','15°25′S 28°17′E'),('Luxembourg (city)','124,528','51.46 km2','Lydie Polfer ','49°36′42″N 6°7′55″E'),('Macau','','','',''),('Madrid','3,223,334','604.31 km2','José Luis Martínez-Almeida ','40°25′N 3°43′W'),('Malabo','297,000','21 km2','','3°45′7.43″N 8°46′25.32″E'),('Malé','133,412','1.95 km2','Malé City Council ','4°10′31″N 73°30′32″E'),('Managua','1,055,247','267 km2','1852','12°8′11″N 86°15′5″W'),('Manama','200,000','30 km2','Hamad bin Isa Al Khalifa','26°13′30″N 50°34′39″E'),('Manila','1,846,513','42.88 km2','Sangguniang Panlungsod','14°36′N 120°59′E'),('Maputo','1,088,449','347.69 km2','Eneas Comiche','25°58′S 32°35′E'),('Maseru','330,760','138 km2','','29°19′S 27°29′E'),('Mexico City','9,209,944','1,485 km2',' Claudia Sheinbaum','19°26′N 99°8′W'),('Minsk','2,009,786','409.5 km2','Vladimir Kukharev','53°54′N 27°34′E'),('Mogadishu','5,488,000','','Omar M. Finnish','02°02′N 45°20′E'),('Monrovia','1,010,970','75.00 sq mi','Local Government of Monrovia','6°18′48″N 10°48′5″W'),('Montevideo','6,726/km2 (17,421/sq mi)','201 km2','Strong mayor','34°53′1″S 56°10′55″W'),('Moroni, Comoros','111,326','30 km2','','11°41′56″S 43°15′22″E'),('Moscow','12,506,468','2,561.5 km2','City Duma','55°45′21″N 37°37′2″E'),('Muscat, Oman','450/km2 (1,200/sq mi)','273.9 km2','Absolute monarchy','23°35′20″N 58°24′30″E'),('N`Djamena','916,000','104 km2','','12°06′36″N 15°03′00″E'),('Nairobi','4,397,073','696 km2','Nairobi City County','01°17′11″S 36°49′02″E'),('Nassau, Bahamas','274,400','207 km2','','25°4′N 77°20′W'),('Naypyidaw','924,608','7,054.37 km2','Myo Aung ','19°44′51″N 96°06′54″E'),('New Delhi','257,803','42.7 km2','','28°36′50″N 77°12′32″E'),('Niamey','1,026,848','239.30 km2','Appointed district government, elec','13°30′42″N 2°7′31″E'),('Nicosia','\nSouth: 55,014\nNorth: 61,378\n','51.06 km2','Constantinos Yiorkadjis ','35°10′21″N 33°21′54″E'),('North Nicosia','61,378','92.8 km2','Mehmet Harmancı ','35°10′37″N 33°21′48″E'),('Nouakchott','1,195,600','1,000 km2','Fatimatou Abdel Malick','18°05′09″N 15°58′43″W'),('Nur-Sultan','1,136,008','810.2 km2','Altaı Kölginov','51°10′N 71°26′E'),('Oslo','697,010 ','480 km2','Marianne Borgen ','59°54′50″N 10°45′8″E'),('Ottawa','934,243','2,790.30 km2','Single-tier municipality with a May','45°25′29″N 75°41′42″W'),('Ouagadougou','2,453,496','520 km2','Armand Béouindé ','12°22′N 1°32′W'),('Panama City','880,691','275 km2','José Luis Fábrega ','8°59′N 79°31′W'),('Paramaribo','240,924','182 km2','','5°51′8″N 55°12′14″W'),('Paris','21,000/km2 (53,000/sq mi)','2,853.5 km2','Anne Hidalgo ','48°51′24″N 2°21′08″E'),('Phnom Penh',' 2,281,951','679 km2','Municipal council','11°34′10″N 104°55′16″E'),('Podgorica',' 150,977','108 km2','Ivan Vuković ','42°26′28.63″N 19°15′46.41″E'),('Port Louis','147,066','46.7 km2','Municipality','20°9′52″S 57°30′15″E'),('Port of Spain','37,074','12 km2','City of Port of Spain','10°40′N 61°31′W'),('Port-au-Prince','987,310','36.04 km2','Ralph Youri Chevry','18°32′N 72°20′W'),('Porto-Novo','264,320','110 km2','Emmanuel Zossou','6°29′50″N 2°36′18″E'),('Prague','1,335,084','496 km2','Zdeněk Hřib ','50°5′N 14°25′E'),('Praia','159,050','102.6 km2','','14°55′05″N 23°30′32″W'),('Pyongyang','2,870,000','2,000 km2','Cha Hui-rim','39°1′10″N 125°44′17″E'),('Quito','2,011,388','372.39 km2','Mayor and council','00°13′12″S 78°30′45″W'),('Rabat','577,827','117 km2','Asmaa Rhlalou','34°02′N 6°50′W'),('Ramallah','38,998','16,344 dunams','City ','31°54′N 35°12′E'),('Reykjavík','131,136','273 km2','','64°08′48″N 21°56′24″W'),('Riga','614,618','304.03 km2','City Council','56°56′56″N 24°6′23″E'),('Riyadh','7,676,654','1,973 km2','Faisal bin Bandar Al Saud','24°38′N 46°43′E'),('Rome','1st in Italy (3rd in the EU)','1,285 km2','Strong Mayor–Council','41°53′N 12°30′E'),('Roseau','14,725','','Local government: Roseau City Counc','15°18′05″N 61°23′18″W'),('San José, Costa Rica','342,188','44.62 km2','Johnny Araya Monge ','9°56′N 84°5′W'),('San Salvador','2,406,709','72.25 km2','Democratic Republic','13°41′56″N 89°11′29″W'),('Sana`a','2,545,000','126 km2','Local','15°20′54″N 44°12′23″E'),('Santiago, Chile','6,269,384','641 km2','Claudio Orrego Larraín','33°27′S 70°40′W'),('Santo Domingo','965,040','104.44 km2','Carolina Mejía','18°28′N 69°57′W'),('São Tomé','71,868','17 km2','','0°20′10″N 6°43′50″E'),('Sarajevo','275,524','141.5 km2','Benjamina Karić','43°52′N 18°25′E'),('Seoul','9,733,509','\n25\nDobong','Mayor–council','37°33′36″N 126°59′24″E'),('Skopje','506,926','571.46 km2','Danela Arsovska ','42°0′N 21°26′E'),('Sofia',' 1,242,568','492 km2','Yordanka Fandakova ','42°42′N 23°20′E'),('Sri Jayawardenapura Kotte','115,826','17 km2','Sri Jayawardenepura Kotte Municipal','6°55′N 79°55′E'),('St. George`s, Grenada','33,734','','','12°3′N 61°45′W'),('St. John`s, Antigua and Barbuda','22,219','10 km2','','17°07′N 61°51′W'),('Stepanakert','75,000','29.12 km2','David Sargsyan','39°48′55″N 46°45′7″E'),('Stockholm','975,819','188 km2','Anna König Jerlmyr ','59°19′46″N 18°4′7″E'),('Sucre','360,544','1,768 km2','C.S. Municipal Autonomous Governmen','19°3′0″S 65°15′0″W'),('Sukhumi','65,439','27 km2','Beslan Eshba','43°00′12″N 41°00′55″E'),('Taipei','2,646,204','271.80 km2','Taipei City GovernmentTaipei City C','25°04′N 121°31′E'),('Tallinn','437,619','159.2 km2','Mihhail Kõlvart','59°26′14″N 24°44′43″E'),('Tashkent','2,571,668','334.8 km2','City Administration','41°18′N 69°16′E'),('Tbilisi','89.9 %','504.2 km2','Kakha Kaladze ','41°43′21″N 44°47′33″E'),('Tegucigalpa','1,276,738','1,502 km2','Nasry Asfura ','14°6′N 87°13′W'),('Tehran','Tehrani (en)','615 km2','Alireza Zakani','35°41′21″N 51°23′20″E'),('Thimphu','114,551','26.1 km2','Jigme Khesar Namgyel Wangchuck','27°28′20″N 89°38′10″E'),('Tirana','557,422','1,110.03 km2','Mayor–council','41°19′44″N 19°49′04″E'),('Tokyo','14,043,239','2,194.07 km2','Tokyo Metropolitan Government','35°41′23″N 139°41′32″E'),('Tripoli','1,170,000','1,507 km2','Abdulrauf Beitelmal','32°53′14″N 13°11′29″E'),('Tskhinvali','32,180','7.4 km2','','42°13′30″N 43°58′12″E'),('Tunis','638,845','212.63 km2','Souad Abderrahim ','36°48′23″N 10°10′54″E'),('Ulaanbaatar','1,466,125','4,704.4 km2','Dolgorsürengiin Sumyaabazar ','47°55′13″N 106°55′02″E'),('Vaduz','5,696','17.3 km2','Manfred Bischof ','47°08′28″N 9°31′16″E'),('Valletta','5,827','0.61 km2','Alfred Zammit ','35°53′54″N 14°30′45″E'),('Victoria, Seychelles','26,450','20.1 km2','David André','4°37′S 55°27′E'),('Vienna','1st in Austria (6th in EU)','414.78 km2','State and Municipality Diet','48°12′N 16°22′E'),('Vientiane','948,477','3,920 km2','','17°58′N 102°36′E'),('Vilnius','588,412','401 km2','City council','54°41′N 25°17′E'),('Warsaw','1,794,166 (1st) ','517.24 km2','Rafał Trzaskowski ','52°14′N 21°1′E'),('Washington, D.C.','689,545','68.34 sq mi','Muriel Bowser ','38°54′36″N 77°00′53″W'),('West Island, Cocos (Keeling) Islands','','','',''),('Windhoek','431,000','5,133 km2','Mayor-council government','22°34′12″S 17°5′1″E'),('Yamoussoukro','361,893 (City) 415,020 (District)','3,500 km2','Augustin Abdoulaye Thiam Houphouët','06°48′58″N 05°16′27″W'),('Yaoundé','2,765,600','180 km2','','3°52′N 11°31′E'),('Yerevan','1,060,138','223 km2','Hayk Marutyan','40°10′53″N 44°30′52″E'),('Zagreb','790,017','641 km2','Mayor-Council','45°49′N 15°59′E');
/*!40000 ALTER TABLE `capital` ENABLE KEYS */;
UNLOCK TABLES;

--
-- Table structure for table `country`
--

DROP TABLE IF EXISTS `country`;
/*!40101 SET @saved_cs_client     = @@character_set_client */;
/*!50503 SET character_set_client = utf8mb4 */;
CREATE TABLE `country` (
  `Name` varchar(30) NOT NULL,
  `Population` varchar(20) DEFAULT NULL,
  `DrivingSide` varchar(10) DEFAULT NULL,
  `CallingCode` varchar(10) DEFAULT NULL,
  `Continent` varchar(20) DEFAULT NULL,
  `Area` varchar(10) DEFAULT NULL,
  `WaterPercentage` varchar(20) DEFAULT NULL,
  `Legislature` varchar(40) DEFAULT NULL,
  `HDI` varchar(10) DEFAULT NULL,
  `Currency` varchar(30) DEFAULT NULL,
  `GDP_PurchasePower` varchar(20) DEFAULT NULL,
  `GDP_Nominal` varchar(20) DEFAULT NULL,
  `GiniIndex` varchar(10) DEFAULT NULL,
  `timeZone` varchar(50) DEFAULT NULL,
  `officialLanguage` varchar(100) DEFAULT NULL,
  `capital_Name` varchar(45) DEFAULT NULL,
  `president_monrach_Name` varchar(45) DEFAULT NULL,
  PRIMARY KEY (`Name`),
  KEY `capital_Name_idx` (`capital_Name`),
  KEY `president_monarch_Name_idx` (`president_monrach_Name`),
  CONSTRAINT `capital_Name` FOREIGN KEY (`capital_Name`) REFERENCES `capital` (`Name`) ON DELETE CASCADE ON UPDATE CASCADE,
  CONSTRAINT `president_monarch_Name` FOREIGN KEY (`president_monrach_Name`) REFERENCES `presidentmonarch` (`Name`) ON DELETE CASCADE ON UPDATE CASCADE
) ENGINE=InnoDB DEFAULT CHARSET=utf8mb4 COLLATE=utf8mb4_0900_ai_ci;
/*!40101 SET character_set_client = @saved_cs_client */;

--
-- Dumping data for table `country`
--

LOCK TABLES `country` WRITE;
/*!40000 ALTER TABLE `country` DISABLE KEYS */;
INSERT INTO `country` VALUES ('Abkhazia','245,246','right','+995 44','Asia','8,665 km2','','People\'s Assembly','','Abkhazian apsar','','$ 500 million','','UTC+3 (MSK)','Abkhaz Russian','Sukhumi',''),('Afghanistan','32,890,171','right','+93','Asia','652,864','negligible','','0.511','Afghani (افغانی) (AFN)','$72.911 billion','$21.657 billion','','UTC+4:30Solar Calendar (D†)','','Kabul','Hibatullah Akhundzada'),('Akrotiri and Dhekelia','272,256','	left','','Asia','18,015 km2','','','','Euro (€) (EUR)','','','','UTC+02:00 (EET), Summer (DST) :UTC+03:00 (EEST)','English language','Episkopi Cantonment','Elizabeth II'),('Albania','2,845,955','right','+355','Europe','28,748 km2','4.7%','Kuvendi','0.795','Lek (ALL)','$42.594 billion','$16.753 billion',' 34.3','UTC+1 (CET), Summer: UTC+2 (CEST)','Albanian language','Tirana','Ilir Meta'),('Algeria','44,700,000','right','+213','Africa','2,381,741 ','1.1%','Parliament','0.748','Algerian dinar (DZD)',' $532.565 billion',' $163,512 billion','27.6','UTC+1 (CET)','Arabic, Standard Algerian Berber','Algiers','Abdelmadjid Tebboune'),('Andorra','77,543','right','+376','Europe','467.63 km2','0.26%','General Council','0.868','Euro (€)','US$3.237 billion','','27.21','UTC+01 (CET), Summer: UTC+02 (CEST)','Catalan language','Andorra la Vella','Joan Enric Vives Sicília'),('Angola','31,127,674','right','+244','Africa','1,246,700 ','negligible','National Assembly','0.581','Kwanza (AOA)','$213.034 billion','$64.480 billion','51.3','UTC+1 (WAT)','Portuguese language','Luanda','João Lourenço'),('Antigua and Barbuda','97,000','left','+1-268','North America','440 km2 ','negligible','Parliament','0.778','East Caribbean dollar (XCD)','$2.731 billion','$1.717 billion','','UTC-4 (AST)','English','St. John`s, Antigua and Barbuda','Elizabeth II'),('Argentina','45,605,826','right','+54','South America','2,780,400 ','1.57%','National Congress','0.845','Argentine peso ($) (ARS)','$1.033 trillion','$444.458 billion',' 42.9','UTC−3 (ART)','Spanish language','Buenos Aires','Alberto Fernández'),('Armenia','2,963,900','right','+374','Europe','29,743 km2','4.71%','National Assembly','0.776','Dram (֏) (AMD)','$32.893 billion','$13.444 billion',' 29.9','UTC+4 (AMT)','Armenian language','Yerevan','Armen Sarkissian'),('Austria','8,935,112','right','+43','Europe','83,879 km2','0.84%','Parliament','0.922','Euro (€)','$461.432 billion','$446,315 billion',' 27.0','UTC+1 (CET), Summer: UTC+2 (CEST)','Austrian German','Vienna','Alexander Van der Bellen'),('Azerbaijan','10,130,100','right','+994','Europe','86,600 km2','1.6%','National Assembly','0.756','Manat (₼) (AZN)','$189.050 billion','$45.284 billion',' 33.7','UTC+4 (AZT)','Azerbaijani language','Baku','Ilham Aliyev'),('Bahrain','1,569,446','right','+973','Asia','785.08 km2','negligible','National Assembly','0.852','Bahraini dinar (BHD)','$78.760 billion','$41.607 billion','','UTC+3 (AST)','Modern Standard Arabic','Manama','Hamad bin Isa Al Khalifa'),('Bangladesh','161,376,708','left','+880','Asia','148,560 km','18,290%','Jatiya Sangsad','0.632','Taka (৳) (BDT)',' $966.485 billion',' $409 billion',' 39.5','UTC+6 (BST)','Bengali language','Dhaka','Abdul Hamid (politician)'),('Barbados','287,025','left','+1 -246','North America','439 km2 ','Negligible','Parliament','0.814','Barbadian dollar ($) (BBD)','$5.398 billion','$5.207 billion','','UTC−4 (AST)','English in Barbados','Bridgetown','Elizabeth II'),('Belarus','9,349,645','right','+375','Europe','207,595 km','1.4%','National Assembly','0.823','Belarusian ruble (BYN)',' $185.889 billion',' $57.708 billion',' 25.3','UTC+3 (MSK','Belarusian language, Russian language','Minsk','Alexander Lukashenko'),('Belgium','11,492,641','right','+32','Europe','30,689 km2','0.71%','Federal Parliament','0.919','Euro (€) (EUR)','$575.808 billion','$503.416 billion',' 25.4','UTC+1 (CET), Summer: UTC+2 (CEST)','Dutch language, French language, German language','Brussels','Philippe of Belgium'),('Belize','419,199','right','+501','North America','22,966 km2','0.8%','National Assembly','0.716','Belize dollar (BZD)','$3.484 billion','$1.987 billion','53.1','UTC-6 (CST (GMT-6)','','Belmopan','Elizabeth II'),('Benin','11,733,059','right','+229','Africa','114,763 km','0.4%','National Assembly','0.545','West African CFA franc (XOF)','$29.918 billion','$11.386 billion',' 47.8','UTC+1 (WAT)','French Language','Porto-Novo','Patrice Talon'),('Bhutan','754,388','left','+975','Asia','38,394 km2','1.1%','Parliament','0.654','Ngultrum (BTN) Indian rupee (₹','$7.701 billion','$2.547 billion','37.4','UTC+06 (BTT)','Dzongkha','Thimphu','Jigme Khesar Namgyel Wangchuck'),('Bolivia','11,428,245','right','+591','South America','1,098,581 ','1.29%','Plurinational Legislative Assembly','0.718','Boliviano (BOB)','$89.018 billion','$40.687 billion',' 41.6','UTC−4 (BOT)','Bolivian Spanish, Quechuan languages, Aymara Language, Guarani language, Languages of Bolivia','Sucre','Luis Arce'),('Bosnia and Herzegovina','3,824,782','right','+387','Europe','51,129 km2','1.4%','Parliamentary Assembly','0.780','Convertible mark (BAM)',' $51.996 billion',' $21.953 billion',' 32.7','UTC+01 (CET), Summer: UTC+02 (CEST)','Bosnian language','Sarajevo','Christian Schmidt (politician)'),('Botswana','2,254,068','left','+267','Africa','581,730 km','2.7%','National Assembly','0.735','Pula (BWP)','$43.389 billion','$18.726 billion',' 53.3','Central Africa Time (GMT+2)','Tswana language, English language','Gaborone','Mokgweetsi Masisi'),('Brazil','210,147,125','right','+55','South America','8,515,767 ','0.65%','National Congress','0.765','Real (R$) (BRL)',' $3.328 trillion',' $1.491 trillion',' 53.4','UTC−2 to −5 (BRT)','Brazilian Portuguese','Brasília','Jair Bolsonaro'),('British Indian Ocean Territory','272,256','','','Asia','18,015 km2','','','','','','','','','English language','Camp Justice (Diego Garcia)','Elizabeth II'),('Brunei','','','','Asia','','','','','','','','','','','Bandar Seri Begawan',''),('Bulgaria','6,875,040','right','+359','Europe','110,993.6 ','2.16%','National Assembly','0.816','Lev (BGN)',' $174.998 billion',' $77.782 billion',' 40','UTC+2 (EET), Summer: UTC+3 (EEST)','Bulgarian language','Sofia','Rumen Radev'),('Burkina Faso','21,510,181','right','+226','Africa','274,200 km','0.146%','National Assembly','0.452','West African CFA franc','$45.339 billion','$16.226 billion',' 38.9','UTC  (GMT)','French language','Ouagadougou','Roch Marc Christian Kaboré'),('Burundi','11,865,821','right','+257','Africa','27,834 km2','10%','Parliament','0.433','Burundian franc (FBu) (BIF)','$8.380 billion','$3.573 billion','39.2','UTC+2 (CAT)','Kirundi','Gitega','Évariste Ndayishimiye'),('Cambodia','15,552,211','right','+855','Asia','181,035 km','2.5%','Parliament','0.594','Riel (៛) (KHR)','$76.635 billion','$26.628 billion','36.0','UTC+7 (ICT)','Khmer language','Phnom Penh','Norodom Sihamoni'),('Cameroon','26,545,864','right','+237','Africa','475,442 km','0.57%','Parliament','0.563','Central African CFA franc (XAF',' $101.950 billion',' $44.893 billion','46.6','UTC+1 (WAT)','French language, English language','Yaoundé','Paul Biya'),('Canada','38,246,108','right','+1','North America','9,984,670 ','11.76%','Parliament','0.929','Canadian dollar ($) (CAD)',' $2.027 trillion',' $2.016 trillion',' 30.3','UTC−3.5 to −8, Summer: UTC−2.5 to −7','Canadian English, Canadian French','Ottawa','Elizabeth II'),('Cape Verde','483,628','right','+238','Africa','4,033 km2 ','negligible','National Assembly','0.665','Cape Verdean escudo (CVE)','$4.323 billion','$2.042 billion',' 42.4','UTC–1 (CVT), Summer: UTC–1 (not observed)','Portuguese language','Praia','Jorge Carlos Fonseca'),('Central African Republic','4,666,368','right','+236','Africa','622,984 km','0%','National Assembly','0.397','Central African CFA franc (XAF','$4.262 billion','$2.321 billion','56.3','UTC+1 (WAT)','French language, Sango language','Bangui','Faustin-Archange Touadéra'),('Chad','16,244,513','right','+235','Africa','1,284,000 ','1.9%','Transitional Military Council','0.398','Central African CFA franc (XAF','$30 billion','$11 billion','43.3','UTC+1 (WAT)','Arabic','N`Djamena','Mahamat Déby'),('Chile','17,574,003','right','+56','South America','756,096.3 ','2.1%','National Congress','0.851','Chilean peso (CLP)',' $456.394 billion',' $245.414 billion',' 46','UTC−4 and −6 (CLT and EASTc), Summer: UTC-3 a','Chilean Spanish','Santiago, Chile','Sebastián Piñera'),('China','1,411,778,724','right (Mai','+86 (Mainl','Asia','9,596,961 ','2.8%','National People`s Congress','0.761','Renminbi (元/¥)',' $26.66 trillion',' $16.64 trillion',' 46.7','UTC+8 (China Standard Time)','Standard Chinese','Beijing','Xi Jinping'),('Christmas Island','','','','Asia','Local Gove','','','','','','','','','','Flying Fish Cove',''),('Cocos (Keeling) Islands','','','','Asia','Local Gove','','','','','','','','','','West Island, Cocos (Keeling) Islands',''),('Colombia','50,372,424','right','+57','South America','1,141,748 ','2.1%','Congress','0.767','Colombian peso (COP)','$827.662 billion','$343.177 billion',' 51.3','UTC−5','Spanish language','Bogotá','Iván Duque Márquez'),('Comoros','850,886','right','+269','Africa','1,861 km2 ','negligible','Assembly of the Union','0.554','Comorian franc (KMF)','$2.446 billion','$1.179 billion',' 45.0','UTC+3 (EAT)','Comorian language','Moroni, Comoros','Azali Assoumani'),('Costa Rica','5,094,118','right','+506','North America','51,100 km2','1.05%','Legislative Assembly','0.810','Costa Rican colón (CRC)','$95.791 billion','$65.179 billion',' 49.7','UTC−6 (CST)','Costa Rican Spanish','San José, Costa Rica','Carlos Alvarado Quesada'),('Croatia','4,058,165','right','+385','Europe','56,594 km2','1.09%','Croatian Parliament','0.851','Kuna (HRK)','$119 billion ','$65 billion (2021 es',' 28.3','UTC+1 (CET), Summer: UTC+2 (CEST)','Croatian language','Zagreb','Zoran Milanović'),('Cuba','11,181,595','right','+53','North America','109,884 km','0%','National Assembly of People`s Power','0.783','Cuban peso (CUP)','US$254.865 billion',' US$105.355 billion','38.0','UTC−5 (CST), Summer: UTC−4 (CDT)','Cuban Spanish','Havana','Miguel Díaz-Canel'),('Cyprus','1,189,265','left','+357','Europe','9,251 km2 ','9%','House of Representatives','0.887','Euro (€) (EUR)',' $38.561 billion',' $26.546 billion',' 29.3','UTC+2 (EET), Summer: UTC+3 (EEST)','Greek language, Turkish language','Nicosia','Nicos Anastasiades'),('Czech Republic','10,701,777','right','+420b','Europe','78,871 km2','2.12%','Parliament','0.900','Czech koruna (CZK)',' $432.346 billion',' $261.732 billion',' 24.0','UTC+1 (CET), Summer: UTC+2 (CEST)','Czech language','Prague','Miloš Zeman'),('Democratic Republic of the Con','92,377,393','right','+243','Africa','2,345,409 ','3.32%','Parliament','0.480','Congolese franc (CDF)',' $77.486 billion',' $46.117 billion',' 42.1','UTC+1 to +2 (WAT and CAT)','French language','Kinshasa','Félix Tshisekedi'),('Denmark','5,850,189','right','\n3 calling','Europe','42,933 km2','1.74%','Folketing','0.940','Danish krone','$299 billion','$370 billion',' 27.3','UTC+1 (CET), Summer: UTC+2 (CEST)','Danish language','Copenhagen','Margrethe II of Denmark'),('Djibouti','921,804','right','+253','Africa','23,200 km2','0.09%','National Assembly','0.524','Djiboutian franc (DJF)','$3.974 billion','$2.187 billion',' 41.6','UTC+3 (EAT)','French language, Arabic language','Djibouti (city)','Ismaïl Omar Guelleh'),('Dominica','71,625','left','+1-767','North America','750 km2 ','1.6%','House of Assembly of Dominica','0.742','East Caribbean dollar (XCD)','$688 million','$485 million','','UTC–4 (AST)','English language','Roseau','Charles Savarin'),('Dominican Republic','10,878,246','right','+1-809, +1','North America','48,671 km2','0.7%','Congress','0.756','Dominican peso','$215.999 billion','$96.291 billion',' 43.7','UTC  – 4:00','Dominican Spanish','Santo Domingo','Luis Abinader'),('East Timor','1,340,513','left','+670','Asia','15,007 km2','negligible','National Parliament','0.606','United States dollarb (USD)','$5.315 billion','$1.920 billion',' 28.7','UTC+9 (TLT)','Portuguese language, Tetum','Dili','Francisco Guterres'),('Ecuador','17,715,822','right','+593','South America','283,561 km','5%','National Assembly','0.759','United States dollarb (USD)','$202.043 billion','$106.289 billion',' 45.4','UTC−5 / −6 (ECT / GALT)','Ecuadorian Spanish','Quito','Guillermo Lasso'),('Egypt','101,478,581','right','+20','Africa','1,010,408 ','0.632%','Parliament','0.707','Egyptian pound (E£) (EGP)',' $1.391 trillion',' $362 billion',' 31.5','UTC+2','Egyptian Arabic','Cairo','Abdel Fattah el-Sisi'),('El Salvador','6,830,000','right','+503','North America','21,041 km2','1.5%','Legislative Assembly','0.673','United States dollar (USD, sin','$53.667 billion','$25.855 billion',' 38.8','UTC−6 (CST)','Salvadoran Spanish','San Salvador','Nayib Bukele'),('Equatorial Guinea','1,454,789','right','+240','Africa','28,050 km2','negligible','Parliament','0.592','Central African CFA franc (XAF','$29.162 billion ','$12.432 billion (140','','UTC+1 (WAT)','Spanish language, Portuguese language, French language','Malabo','Teodoro Obiang Nguema Mbasogo'),('Eritrea','3.6-6.7million','right','+291','Africa','117,600 km','0.14%','National Assembly','0.459','Nakfa (ERN)','$11.01 billion','$8.09 billion','','UTC+3 (EAT), Summer: UTC+3 (not observed)','None','Asmara','Isaias Afwerki'),('Estonia','1,330,068','right','+372','Europe','45,339 km2','5.16%','Riigikogu','0.892','Euro (€) (EUR)','$49.644 billion','$34.97 billion',' 30.5','UTC+02:00 (EET), Summer: UTC+03:00 (EEST)','Estonian language','Tallinn','Alar Karis'),('Eswatini','1,160,164','left','+268','Africa','17,364 km2','0.9%','Parliament','0.611',' Lilangeni (SZL) South African','$10.463	billion','$4.211 billion',' 54.6','UTC+2 (SAST)','Swazi language, South African English','Lobamba','Mswati III'),('Ethiopia','117,876,227','right','+251','Africa','1,104,300 ','0.7%','Federal Parliamentary Assembly','0.485','Birr (ETB)','$278 billion','$91.514 	 billion',' 35.0','UTC+3 (EAT)','Afar language','Addis Ababa','Sahle-Work Zewde'),('Finland','5,536,146','right','+358','Europe','338,455 km','9.71%','Eduskunta/Riksdagen','0.938','Euro (€) (EUR)','$257 billion','$277 billion',' 26.2','UTC+2 (EET), Summer: UTC+3 (EEST)','Finnish language, Swedish language','Helsinki','Sauli Niinistö'),('France','67,413,000','right','+33','Europe','640,679 km','0.86%','Parliament','0.901','Euro (€) (EUR)',' $3.232	trillion',' $2.938 trillion',' 29.2','UTC+1 (Central European Time), Summer: UTC+2 ','French language','Paris','Emmanuel Macron'),('Gabon','2,119,275','right','+241','Africa','267,667 km','3.76%','Parliament','0.703','Central African CFA franc (XAF','$38.280 billion','$17.212 billion','38','UTC+1 (WAT)','French language','Libreville','Ali Bongo Ondimba'),('Georgia (country)','3,728,573','right','+995','Europe','69,700 km2','','Parliament','0.812','Georgian lari (₾) (GEL)','$46.05 billion','$17.83 billion',' 35.9','UTC+4 (Georgia Time GET)','Georgian language','Tbilisi','Salome Zurabishvili'),('Germany','83,190,556','right','','Europe','357,022 km','1.27%',' ','0.947','Euro (€) (EUR)',' $4.743 trillion',' $4.319 trillion',' 29.7','UTC+1 (CET), Summer: UTC+2 (CEST)','German language','Berlin','Frank-Walter Steinmeier'),('Ghana','31,072,940','right','+233','Africa','239,567 km','4.61%','Parliament','0.611','Cedi (GHS)','$226 billion','$73.594  billion',' 43.5','UTC  (GMT)','None','Accra','Nana Akufo-Addo'),('Greece','10,718,565','right','+30','Europe','131,957 km','1.51%','Hellenic Parliament','0.888','Euro (€) (EUR)',' $339.668 billion',' $211.645 billion',' 31.4','UTC+02:00 (EET), Summer: UTC+03:00 (EEST)','Greek language','Athens','Katerina Sakellaropoulou'),('Grenada','111,454','left','+1-473','North America','348.5 km2 ','1.6%','Parliament','0.779','East Caribbean dollar (XCD)','$1.801 billion','$1.249 billion','','UTC−4 (AST)','English language','St. George`s, Grenada','Elizabeth II'),('Guatemala','','','','North America','','','','','','','','','','','Guatemala City',''),('Guinea','12,414,293','right','+224','Africa','245,857 km','negligible','National Assembly','0.477','Guinean franc (GNF)','$26.451 billion','$9.183 billion','33.7','UTC  (GMT)','French language','Conakry','Mamady Doumbouya'),('Guinea-Bissau','1,726,000','right','+245','Africa','36,125 km2','22.4%','National People`s Assembly','0.480','West African CFA franc (XOF)','$3.391 billion','$1.480 billion',' 50.7','UTC  (GMT)','Portuguese language','Bissau','Umaro Sissoco Embaló'),('Guyana','743,700','left','+592','South America','214,970 km','8.4%','National Assembly','0.682','Guyanese dollar (GYD)',' $18.357 billion',' $7.255 billion',' 44.6','UTC-4 (AST)','English language','Georgetown, Guyana','Irfaan Ali'),('Haiti','11,439,646','right','+509','North America','27,750 km2','0.7%','Parliament','0.510','Gourde (G) (HTG)','$34.189 billion','$22.431 billion','41.1','UTC−5 (EST), Summer: UTC−4 (EDT)','Haitian French, Haitian Creole','Port-au-Prince','Ariel Henry'),('Honduras','9,587,522','right','+504','North America','112,492 km','','National Congress','0.632','Lempira (HNL)','$49.010 billion','$23.835 billion',' 52.1','UTC−6 (CST)','Honduran Spanish','Tegucigalpa','Juan Orlando Hernández'),('Hong Kong','7,858,800','','','Asia','2,870.27 k','','','','Hong Kong dollar (Hong Kong, M','','','','','Chinese language, English language, Portuguese language','Hong Kong','Xi Jinping'),('Hungary','9,730,000','right','+36','Europe','93,030 km2','3.7%','National Assembly','0.854','Forint (HUF)',' $359.901 billion',' $180.959 billion',' 28.3','UTC+1 (CET), Summer: UTC+2 (CEST)','Hungarian language','Budapest','János Áder'),('Iceland','371,580','right','+354','Europe','102,775 km','2.07%','Althing','0.949','Icelandic króna (ISK)','$19.8 billion','$20.8 billion',' 23.2','UTC','Icelandic language','Reykjavík','Guðni Th. Jóhannesson'),('India','1,352,642,280','left','+91','Asia','3,287,263 ','9.6%','Parliament','0.645','Indian rupee (₹) (INR)',' $10.207 trillion',' $3.050 trillion','35.7','UTC+05:30 (IST)','Hindi, Indian English','New Delhi','Ram Nath Kovind'),('Indonesia','270,203,917','left','+62','Asia','1,904,569 ','4.85%','People`s Consultative Assembly (MPR)','0.718','Indonesian rupiah (Rp) (IDR)',' $3.507 trillion',' $1.159 trillion',' 38.2','UTC+7 to +9 (various)','Indonesian language','Jakarta','Joko Widodo'),('Iran','83,183,741','right','+98','Asia','1,648,195 ','1.63%','Islamic Consultative Assembly','0.783','Iranian rial (ریال) (IRR)',' $1.007 trillion',' $611 billion',' 42.0','UTC+3:30 (IRST), Summer: UTC+4:30 (IRDT)','Persian language','Tehran','Ali Khamenei'),('Iraq','40,222,503','right','+964','Asia','438,317 km','4.62%','Council of Representatives','0.674','Iraqi dinar (IQD)','$413.316 billion','$250.070 billion','29.5','UTC+3 (AST)','Modern Standard Arabic, Kurdish languages','Baghdad','Barham Salih'),('Israel','9,427,100','right','+972','Asia','20,770–22,','2.71%','Knesset','0.919','New shekel (₪‎) (ILS)','','','34.8','UTC+2 (IST), Summer: UTC+3 (IDT)','Modern Hebrew','Jerusalem','Isaac Herzog'),('Italy','60,317,116','right','+39c','Europe','301,340 km','1.24%','Parliament','0.892','Euro (€)b (EUR)',' $2.610 trillion',' $2.106 trillion',' 32.8','UTC+1 (CET), Summer: UTC+2 (CEST)','Italian language','Rome','Sergio Mattarella'),('Ivory Coast','26,378,274','right','+225','Africa','322,463 km','1.4%','Parliament of Ivory Coast','0.538','West African CFA franc (XOF)','$144.497 billion','$61.502 billion',' 41.5','UTC  (GMT)','French language','Yamoussoukro','Alassane Ouattara'),('Jamaica','2,726,667','left','+1-876+1-6','North America','10,991 km2','1.5%','Parliament','0.734','Jamaican dollar (JMD)','$26.981 billion','$15.424 billion',' 35','UTC-5','Jamaican Patois','Kingston, Jamaica','Elizabeth II'),('Japan','125,360,000','left','+81','Asia','377,975 km','1.4%','National Diet','0.919','Japanese yen (¥)',' $5.586 trillion',' $5.378 trillion',' 33.4','UTC+09:00 (JST)','Japanese language','Tokyo','Naruhito'),('Jordan','10,658,123','right','+962','Asia','89,342 km2','0.6%','Parliament','0.729','Jordanian dinar (JOD)','$102.158 billion','$42.609 billion','35.4','UTC+2 (EET), Summer: UTC+3 (EEST)','Modern Standard Arabic','Amman','Abdullah II of Jordan'),('Kazakhstan','18,711,560','right','+7-6xx, +7','Europe','2,724,900 ','1.7%','Parliament','0.825','Tenge (₸) (KZT)',' $569.813 billion',' $179.332 billion',' 27.5','UTC+5 / +6 (West / East)','Kazakh language','Nur-Sultan','Kassym-Jomart Tokayev'),('Kenya','54,985,698','left','+254','Africa','580,367 km','2.3%','Parliament','0.601','Kenyan shilling (KES)','$250.854 billion','$109.116 billion',' 40.8','UTC+3 (EAT)','Swahili language','Nairobi','Uhuru Kenyatta'),('Kuwait','4,420,110','right','+965','Asia','17,818 km2','negligible','National Assembly','0.806','Kuwaiti dinar (KWD)','$303 billion','$118.271 billion','','UTC+3 (AST)','Modern Standard Arabic','Kuwait City','Nawaf Al-Ahmad Al-Jaber Al-Sabah'),('Kyrgyzstan','6,586,600','right','+996','Asia','199,951 km','3.6%','Supreme Council','0.697','Kyrgyzstani som (c) (KGS)',' $35.324 billion',' $8.455 billion',' 27.7','UTC+6 (KGT)','Kyrgyz language, Russian language','Bishkek','Sadyr Japarov'),('Laos','7,123,205','right','+856','Asia','237,955 km','2%','National Assembly','0.613','Kip (₭) (LAK)','US$58.329 billion','US$20.153 billion','36.4','UTC+7 (ICT)','Lao language','Vientiane','Thongloun Sisoulith'),('Latvia','1,907,675','right','+371','Europe','64,589 km2','2.09%','Saeima','0.866','Euro (€) (EUR)','$63.539 billion','$37.720 billion',' 35.2','UTC+2 (EET), Summer: UTC+3 (EEST)','Latvian language','Riga','Egils Levits'),('Lebanon','6,859,408','right','+961','Asia','10,452 km2','1.8%','Parliament','0.744','Lebanese pound (LBP)','$91 billion','$18 billion',' 31.8','UTC+2 (EET), Summer: UTC+3 (EEST)','Arabic language','Beirut','Michel Aoun'),('Lesotho','2,108,328','left','+266','Africa','30,355 km2','0.0032%','Parliament','0.527','Loti (LSL)South African rand (','$7.448 billion','$2.721 billion',' 44.9','UTC+2 (South African Standard Time)','Sotho language, English language','Maseru','Letsie III of Lesotho'),('Liberia','5,214,030','right','+231','Africa','111,369 km','13.514%','Legislature of Liberia','0.480','Liberian dollar (LRD)','$6.468 billion','$3.221 billion','35.3','UTC  (GMT)','Liberian English','Monrovia','George Weah'),('Libya','6,992,701','right','+218','Africa','1,759,541 ','','House of Representatives','0.724','Libyan dinar (LYD)','$31.531 billion','$21.805 billion','','UTC+2 (EET)','Modern Standard Arabic','Tripoli','Mohamed al-Menfi'),('Liechtenstein','38,896','right','+423','Europe','160 km2 ','2.7%','Landtag','0.919','Swiss franc (CHF)','$5.3 billion','$5.155 billion','','UTC+01:00 (CET), Summer: UTC+02:00 (CEST)','German language','Vaduz','Hans-Adam II'),('Lithuania','2,784,279','right','+370','Europe','65,300 km2','1.98%','Seimas','0.882','Euro (€) (EUR)','$107 billion','$56 billion',' 35.4','UTC+2 (EET), Summer: UTC+3 (EEST)','Lithuanian language','Vilnius','Gitanas Nausėda'),('Luxembourg','633,622','right','+352','Europe','2,586.4 km','0.23%','Chamber of Deputies','0.916','Euro (€) (EUR)',' $66.848 billion',' $69.453 billion',' 32.3','UTC+1 (CET), Summer: UTC+2 (CEST)','Luxembourgish','Luxembourg (city)','Henri, Grand Duke of Luxembourg'),('Macau','7,858,800','','','Asia','2,870.27 k','','','','Hong Kong dollar (Hong Kong, M','','','','','Chinese language, English language, Portuguese language','Macau','Xi Jinping'),('Madagascar','28,427,328','right','+261','Africa','587,041 km','0.9%','Parliament','0.528','Ariary (MGA)','$45.948 billion','$12.734 billion',' 42.6','UTC+3 (EAT), Summer: UTC+3 (not observed[13])','Malagasy language, French language','Antananarivo','Andry Rajoelina'),('Malawi','19,129,952','left','+265','Africa','118,484 km','20.6%','National Assembly','0.483','Malawian kwacha (D) (MWK)','$25.037 billion','$7.436 billion',' 44.7','UTC+2 (CAT)','English language','Lilongwe','Lazarus McCarthy Chakwera'),('Malaysia','32,730,000','left','+60','Asia','330,803 km','0.3%','Parliament','0.810','Ringgit (RM) (MYR)',' $900.426 billion',' $336.330 billion',' 41','UTC+8 (MST)','Malaysian language','Kuala Lumpur','Abdullah of Pahang'),('Maldives','557,426or379,270a','left','+960','Asia','300 km2 ','','People`s Majlis','0.740','Maldivian rufiyaa (MVR)United ',' $8.972 billion',' $4.536 billion',' 31.3','UTC+5 (Maldives Time)','Maldivian language','Malé','Ibrahim Mohamed Solih'),('Mali','20,250,833','right','+223','Africa','1,240,192 ','1.6%','National Assembly','0.434','West African CFA franc (XOF)','$44.329 billion','$17.407 billion','33.0','UTC  (GMT)','French language','Bamako','Assimi Goïta'),('Malta','514,564','left','+356','Europe','316 km2 ','0.001%','Parliament of Malta','0.895','Euro (€) (EUR)','$22.802  billion','$15.134 billion',' 28.0','UTC+1 (Central European Time), Summer: UTC+2 ','Maltese language','Valletta','George Vella'),('Mauritania','4,403,313','right','+222','Africa','1,030,000 ','0.03%','National Assembly','0.546','Ouguiya (MRU)','$18.117 billion','$5.200 billion',' 32.6','UTC  (GMT)','Arabic','Nouakchott','Mohamed Ould Ghazouani'),('Mauritius','1,265,475','left','+230','Africa','2,040 km2 ','0.07%','National Assembly','0.804','Mauritian rupee (MUR)','$31.705 billion','$14.812 billion','36.8','UTC+4 (MUT)','De jure','Port Louis','Prithvirajsing Roopun'),('Mexico','126,014,024','right','+52','North America','1,972,550 ','1.58%','Congress','0.779','Mexican peso (MXN)',' $2.715 trillion',' $1.322 trillion',' 41.8','UTC−8 to −5 (See Time in Mexico), Summer: UTC','Mexican Spanish','Mexico City','Andrés Manuel López Obrador'),('Moldova','2,597,100','right','+373','Europe','33,843.5 k','1.4%','Parliament','0.750','Moldovan leu (MDL)',' $36,886	billion',' $12,396 billion',' 25.7','UTC+2 (EET), Summer: UTC+3 (EEST)','Romanian language','Chișinău','Maia Sandu'),('Monaco','38,300','right','+377','Europe','2.02 km2 ','negligible','National Council','','Euro (€) (EUR)',' $7.672 billion ','','','UTC+1 (CET), Summer: UTC+2 (CEST)','French of France','French language','Albert II, Prince of Monaco'),('Mongolia','3,353,470','right','+976','Asia','1,564,116 ','0.67%','State Great Khural','0.737','Tögrög (MNT)','$47 billion','$13.7 billion','32.7','UTC+7/+8, Summer: UTC+8/+9[13]','Mongolian language','Ulaanbaatar','Ukhnaagiin Khürelsükh'),('Montenegro','621,873','right','+382','Europe','13,812 km2','2.6%','Skupština','0.829','Euro (€)a (EUR)','$11.994 billion','$4.790 billion',' 34.1','UTC+1 (CET), Summer: UTC+2 (CEST)','Montenegrin language','Podgorica','Milo Đukanović'),('Morocco','37,112,080','right','+212','Africa','710,850 km','0.056%','Parliament','0.686','Moroccan dirham (MAD)','$332.358 billion','$122.458 billion','40.3','UTC+1','Modern Standard Arabic, Standard Moroccan Berber','Rabat','Mohammed VI of Morocco'),('Mozambique','30,066,648','left','+258','Africa','801,590 km','2.2%','Assembly of the Republic','0.456','Metical (MZN)','$41.473 billion','$15.372 billion',' 45.7','UTC+2 (CAT)','Portuguese language','Maputo','Filipe Nyusi'),('Myanmar','53,582,855','right','+95','Asia','676,578 km','3.06%','Assembly of the Union','0.583','Kyat (K) (MMK)',' $258 billion',' $78 billion',' 30.7','UTC+06:30 (MMT)','Burmese language','Naypyidaw','Myint Swe'),('Namibia','2,550,226','left','+264','Africa','825,615 km','negligible','Parliament','0.646','Namibian dollar  (NAD)  South ','$23.855 billion','$10.927 billion','59.1','UTC+2 (CAST)','English language','Windhoek','Hage Geingob'),('Nepal','28,095,714','left','+977','Asia','147,516 km','2.8%','Federal Parliament','0.602','Nepalese rupee (Rs, रू) (NPR)',' $122.62 billion',' $36.084 billion (98','32.8','UTC+05:45 (Nepal Standard Time)','Nepali language','Kathmandu','Bidya Devi Bhandari'),('Netherlands','17,656,100','right','+31, +599','Europe','41,865 km2','18.41%','States General','0.944','Euro (€) (EUR)US dollar ($) (U',' $1.055 trillion',' $1.012 trillion',' 27.5','UTC+1 (CET)UTC−4 (AST), Summer: UTC+2 (CEST)U','Dutch language','Amsterdam','Willem-Alexander of the Netherlands'),('Nicaragua','6,486,201','right','+505','North America','130,375 km','7.14%','National Assembly','0.660','Córdoba (NIO)','$35.757 billion','$13.380 billion','46.2','UTC−6 (CST)','Nicaraguan Spanish','Managua','Daniel Ortega'),('Niger','24,112,753','right','+227','Africa','1,267,000 ','0.02%','National Assembly','0.394','West African CFA franc (XOF)','$23.475 billion','$9.869 billion',' 34.0','UTC+1 (WAT)','French language','Niamey','Mohamed Bazoum'),('Nigeria','211,400,708','right','+234','Africa','923,769 km','1.4%','National Assembly','0.539','Naira (₦) (NGN)','$1.116 trillion','$514.049 billion',' 35.1','UTC+01:00 (WAT)','English language','Abuja','Muhammadu Buhari'),('North Korea','25,549,604','right','+850','Asia','120,540 km','0.11%','Supreme People`s Assembly','','Korean People`s won (₩) (KPW)','$40 billion','$30 billion','','UTC+9 (Pyongyang Time','Korean language','Pyongyang','Kim Jong-un'),('North Macedonia','1,832,696','right','+389','Europe','25,713 km2','1.9%','Assembly','0.774','Macedonian denar (MKD)','$33.822 billion','$12.383 billion',' 30.7','UTC+1 (CET), Summer: UTC+2 (CEST)','Macedonian language, Albanian language','Skopje','Stevo Pendarovski'),('Northern Cyprus','','','','Asia','District g','','','','','','','','','','North Nicosia',''),('Norway','5,402,171','right','+47','Europe','385,207 km','5.32%','.mw-parser-output .treeview ul{padding:0','0.957','Norwegian krone (NOK)','$350 billion','$366 billion',' 25.4','UTC+1 (CET), Summer: UTC+2 (CEST)','Norwegian language, Sámi languages','Oslo','Harald V of Norway'),('Oman','4,829,473','right','+968','Asia','309,500 km','negligible','Council of Oman','0.813','Omani rial (OMR)','$203.959 billion','$62.305 billion','30.75','UTC+4 (GST)','Modern Standard Arabic','Muscat, Oman','Haitham bin Tariq'),('Pakistan','225,199,937','left','+92','Asia','881,913 km','2.86%','Parliament','0.557','Pakistani rupee (₨) (PKR)',' $1.110 trillion',' $296 billion',' 31.6','UTC+05:00 (PKT)','Urdu, English language','Islamabad','Arif Alvi'),('Panama','4,379,039','right','+507','North America','75,417 km2','2.9%','National Assembly','0.815','Balboa (PAB)United States doll','$121.749 billion','$73.369 billion',' 49.9','UTC−5 (EST)','Panamanian Spanish','Panama City','Laurentino Cortizo'),('Paraguay','7,359,000','right','+595','South America','406,796 km','2.6%','Congress','0.728','Guaraní (PYG)','$101.075 billion','$44.557 billion','46.2','UTC–4 (PYT), Summer: UTC–3 (PYST)','Spanish language, Guarani language','Asunción','Mario Abdo Benítez'),('Peru','34,294,231','right','+51','South America','1,285,216 ','0.41%','Congress of the Republic','0.777','Sol (PEN)',' $385.719 billion',' $195.761 billion',' 41.5','UTC−5 (PET)','Peruvian Spanish, Quechua languages, Aymara language, Languages of Peru','Lima','Pedro Castillo'),('Philippines','109,035,343','right','+63','Asia','300,000 km','0.61%','Congress','0.718','Philippine peso (₱) (PHP)',' $1 trillion',' $402.638 billion',' 42.3','UTC+08:00 (PST)','Filipino language, Philippine English','Manila','Rodrigo Duterte'),('Poland','38,268,000','right','+48','Europe','312,696 km','1.48%','Parliament','0.880','Złoty (PLN)',' $1.412 trillion',' $655 billion',' 28.5','UTC+1 (CET), Summer: UTC+2 (CEST)','Polish language','Warsaw','Andrzej Duda'),('Portugal','10,347,892','right','+351','Europe','92,212 km2','1.2%','Assembly of the Republic','0.864','Euro (€) (EUR)',' $376.1 billion',' $251.7 billion',' 31.9','UTC  (WET) UTC−1 (Atlantic/Azores), Summer: U','Portuguese language','Lisbon','Marcelo Rebelo de Sousa'),('Qatar','2,795,484','right','+974','Asia','11,581 km2','0.8%','Consultative Assembly','0.848','Qatari riyal (QAR)','$357.338 billion','$183.807 billion','41.1','UTC+3 (AST)','Arabic','Doha','Tamim bin Hamad Al Thani'),('Republic of Artsakh','','','','Asia','','','','','','','','','','','Stepanakert',''),('Republic of Ireland','5,011,500','left','+353','Europe','70,273 km2','2.0%','Oireachtas','0.955','Euro (€)',' $500 billion',' $477 billion',' 28.3','UTC  (GMT), Summer: UTC+1 (IST)','Irish language','Dublin','Michael D. Higgins'),('Republic of the Congo','5,244,359','right','+242','Africa','342,000 km','3.3%','Parliament','0.574','Central African CFA franc (XAF','$32.516 billion','$11.162 billion','40.2','UTC+1 (WAT)','French language','Brazzaville','Denis Sassou Nguesso'),('Romania','19,186,201','right','+40','Europe','238,397 km','3%','Parliament','0.828','Romanian leu (RON)','$653.903 billion','$289.130 billion',' 33.8','UTC+2 (EET), Summer: UTC+3 (EEST)','Romanian language','Bucharest','Klaus Iohannis'),('Russia','146,171,015','right','+7','Europe','17,098,246','13%','Federal Assembly','0.824','Russian ruble (₽) (RUB)',' $4.328 trillion',' $1.710 trillion',' 37.5','UTC+2 to +12','Russian language','Moscow','Vladimir Putin'),('Rwanda','12,374,397','right','+250','Africa','26,338 km2','5.3%','Parliament','0.543','Rwandan franc (RWF)','$33.455 billion','$11.061 billion','43.7','UTC+2 (CAT)','Kinyarwanda, French language, English language, Swahili Language','Kigali','Paul Kagame'),('Saint Kitts and Nevis','52,441','left','+1 869','North America','261 km2 ','Negligible','National Assembly','0.779','East Caribbean dollar (XCD)','$1.758 billion','$1.058 billion','','UTC-4 (AST)','English','Basseterre','Elizabeth II'),('Saint Lucia','184,401','left','+1 758','North America','617 km2 ','1.6%','Parliament','0.759','East Caribbean dollar (XCD)',' $2.480 billion',' $1.77 billion','51.2','UTC−4 (AST)','English language','Castries','Elizabeth II'),('Saint Vincent and the Grenadin','110,211','left','+1 784','North America','389 km2 ','negligible','House of Assembly','0.738','East Caribbean dollar (XCD)','$1.373 billion','$864 million','','UTC-4 (AST)','English language','Kingstown','Elizabeth II'),('San Marino','33,600','right','+378 (+39)','Europe','61.2 km2 ','0%','Grand and General Council','0.875','Euro (€) (EUR)','$2.09 billion','$1.55 billion','','UTC+01 (CET), Summer: UTC+02 (CEST)','Italian language','City of San Marino','Francesco Mussoni'),('Sao Tome and Principe','211,028','right','+239','Africa','1,001 km2 ','Negligible','National Assembly','0.625','Dobra (STN)','$685 million','$355 million',' 56.3','UTC  (GMT)','Portuguese language','São Tomé','Carlos Vila Nova'),('Saudi Arabia','34,218,169','right','+966','Asia','2,149,690 ','0.7%','none','0.854','Saudi Riyal (SR) (SAR)','$1.924 trillion','$779.289 billion','45.9','UTC+3 (AST)','Modern Standard Arabic','Riyadh','Salman bin Abdulaziz'),('Senegal','15,854,323','right','+221','Africa','196,712 km','2.1%','National Assembly','0.512','West African CFA franc (XOF)','$66.438 billion','$28.02 billion','40.3','UTC  (GMT)','French Language','Dakar','Macky Sall'),('Serbia','6,871,547','right','+381','Europe','88,361 km2','','National Assembly','0.806','Serbian dinar (RSD)',' $130.6 billion ',' $52 billion (exclud',' 33.3','UTC+1 (CET), Summer: UTC+2 (CEST)','Serbian language','Belgrade','Aleksandar Vučić'),('Seychelles','98,462','left','+248','Africa','459 km2 ','negligible','National Assembly','0.796','Seychellois rupee (SCR)','$2.919 billion','$1.564 billion','46.8','UTC+4 (SCT), Summer: UTC+4 (not observed)','English language, French language, Seychellois Creole','Victoria, Seychelles','Wavel Ramkalawan'),('Sierra Leone','8,059,155','right','+232','Africa','71,740 km2','1.1%','Parliament (unicameral legislative chamb','0.452','Leone (SLL)','$12.177 billion','$3.824 billion','35.7','UTC  (GMT)','English language','Freetown','Julius Maada Bio'),('Singapore','5,453,600','left','+65','Asia','728.6 km2 ','','Parliament','0.938','Singapore dollar (S$) (SGD)',' $600.063 billion',' $374.394 billion',' 45.9','UTC+8 (Singapore Standard Time)','Malay language','Downtown Core','Halimah Yacob'),('Slovakia','5,464,060','right','+421','Europe','49,035 km2','0.72%','National Council','0.860','Euro (€) (EUR)',' $190.277 billion',' $117.664 billion',' 22.8','UTC+1 (CET), Summer: UTC+2 (CEST)','Slovak language','Bratislava','Zuzana Čaputová'),('Slovenia','2,107,126','right','+386','Europe','20,271 km2','0.7%','Parliament','0.917','Euro (€) (EUR)','$90,9 billion','$60,9 billion',' 23.5','UTC+1 (CET), Summer: UTC+2 (CEST)','Slovene language','Ljubljana','Borut Pahor'),('Somalia','15,893,219','right','+252','Africa','637,657 km','','Federal Parliament','0.361low','Somali shilling (SOS)','US$13.324 billion ','US$5.218 billion','','UTC+3 (EAT)','Somali language, Arabic','Mogadishu','Mohamed Abdullahi Mohamed'),('South Africa','60,142,978','left','+27','Africa','1,221,037 ','0.380%','Parliament','0.709','South African rand (ZAR)',' $862 billion',' $415 billion',' 63.0','UTC+2 (SAST)','South African English, Zulu language, Xhosa language, Afrikaans, Northern Sotho language, Tswana lan','Bloemfontein','Cyril Ramaphosa'),('South Korea','51,709,098','right','+82','Asia','100,363 km','0.3%','National Assembly','0.916','Korean Republic won (₩) (KRW)',' $2.436 trillion',' $1.806 trillion',' 34.5','UTC+9 (Korea Standard Time)','Korean language','Seoul','Moon Jae-in'),('South Ossetia','','','','Asia','Municipal ','','','','','','','','','','Tskhinvali',''),('South Sudan','12,778,250','right','+211','Africa','644,329 km','','Transitional National Legislature','0.433','South Sudanese pound (SSP)','$18.435 billion','$3.194 billion',' 44.1','UTC+2 (Central Africa Time)','None','Juba','Salva Kiir Mayardit'),('Spain','47,450,795','right','+34','Europe','505,990 km','0.89%','Cortes Generales','0.904','Euro',' $1.942 trillion',' $1.450 trillion',' 33.0','UTC⁠±0 to +1 (WET and CET), Summer: UTC+1 to ','Spanish language','Madrid','Felipe VI'),('Sri Lanka','22,156,000','left','+94','Asia','65,610 km2','4.4%','Parliament','0.782','Sri Lankan rupee (Rs) (LKR)',' $306.997 billion',' $84.532 billion','39.8','UTC+5:30 (SLST)','Sinhala language','Sri Jayawardenapura Kotte','Gotabaya Rajapaksa'),('State of Palestine','','','','Asia','','','','','','','','','','','Ramallah',''),('Sudan','44,909,353','right','+249','Africa','1,886,068 ','','Transitional Legislative Council','0.510','Sudanese pound (SDG)','$177.678 billion','$33.903 billion',' 34.2','UTC+2 (CAT)','Sudanese Arabic, English language','Khartoum','Abdel Fattah al-Burhan'),('Suriname','575,990','left','+597','South America','163,821 km','1.1%','National Assembly','0.738','Surinamese dollar (SRD)','$9.044 billion','$4.110 billion','','UTC-3 (SRT)','Dutch language','Paramaribo','Chan Santokhi'),('Sweden','10,402,070','right','+46','Europe','450,295 km','8.37%','Riksdag','0.945','Swedish krona (SEK)',' $563.882 billion',' $528.929 billion',' 26.9','UTC+1 (CET), Summer: UTC+2 (CEST)','Swedish language','Stockholm','Carl XVI Gustaf of Sweden'),('Switzerland','8,570,146','right','+41','Europe','41,285 km2','4.34%','Federal Assembly','0.955','Swiss franc (CHF)',' $584 billion',' $749 billion',' 29.7','UTC+1 (CET), Summer: UTC+2 (CEST)','German language, French language, Italian language','Bern','Guy Parmelin'),('Syria','17,500,657','right','+963','Asia','185,180 km','1.1%','People`s Council','0.567','Syrian pound (SYP)','$50.28 billion','$24.6 billion','55.8','UTC+2 (EET), Summer: UTC+3 (EEST)','Modern Standard Arabic','Damascus','Bashar al-Assad'),('Taiwan','','','','Asia','','','','','','','','','','','Taipei',''),('Tajikistan','9,537,645','right','+992','Asia','143,100 km','1.8%','Supreme Assembly','0.668','Somoni (TJS)','$30.547 billion','$7.350 billion','34','UTC+5 (TJT)','Tajik language','Dushanbe','Emomali Rahmon'),('Tanzania','61,193,226','left','+255','Africa','947,303 km','6.4%','National Assembly','0.529','Tanzanian shilling (TZS)','$200.144 billion','$65.632 billion',' 40.5','UTC+3 (EAT)','Swahili language','Dodoma','Samia Suluhu'),('Thailand','69,950,850','left','+66','Asia','513,120 km','0.4%','National Assembly','0.777','Baht (฿) (THB)',' $1,340 billion',' $536.841 billion',' 34.9','UTC+7 (ICT)','Thai language','Bangkok','Vajiralongkorn'),('The Bahamas','385,637','left','+1 242','North America','13,878 km2','28%','Parliament','0.814','Bahamian dollar (BSD)','$12.612 billion','$12.803 billion','','UTC−5 (EST), Summer: UTC−4 (EDT)','English language','Nassau, Bahamas','Elizabeth II'),('The Gambia','2,173,999','right','+220','Africa','10,689 km2','11.5%','National Assembly','0.496','Dalasi (GMD)','$5.420 billion','$1.810 billion',' 35.9','UTC  (GMT)','English','Banjul','Adama Barrow'),('Togo','8,608,444','right','+228','Africa','56,785 km2','4.2%','National Assembly','0.515','West African CFA franc (XOF)','$14.919 billion','$5.592 billion',' 43.1','UTC  (GMT)','French language','Lomé','Faure Gnassingbé'),('Trinidad and Tobago','1,366,725','left','+1 (868)','North America','5,131 km2 ','negligible','Parliament','0.796','Trinidad and Tobago dollar (TT','$45.148 billion','$22.438 billion','39.0','UTC-4 (AST)','Trinidadian and Tobagonian English','Port of Spain','Paula-Mae Weekes'),('Tunisia','11,708,370','right','+216','Africa','163,610 km','5.04%','Assembly of the Representatives of the P','0.740','Tunisian dinar (TND)',' $159.707 billion',' $44.192 billion','35.8','UTC+1 (CET)','Arabic','Tunis','Kais Saied'),('Turkey','83,614,362','right','+90','Europe','783,356 km','2.03%','Grand National Assembly','0.820','Turkish lira (₺) (TRY)',' $2.749 trillion',' $794.530 billion',' 47high','UTC+3 (TRT)','Turkish language','Ankara','Recep Tayyip Erdoğan'),('Turkmenistan','6,031,187','right','+993','Asia','491,210 km','4.9%','National Council','0.715','Turkmenistan manat (TMT)','$112.659 billion','$42.764 billion','40.8medium','UTC+05 (TMT)','Turkmen language','Ashgabat','Gurbanguly Berdimuhamedow'),('Uganda','42,729,036','left','+256a','Africa','241,038 km','15.39%','Parliament','0.544','Ugandan shilling (UGX)','$102.659 billion','  $30.765 billion',' 42.0','UTC+3 (EAT)','English language, Swahili language','Kampala','Yoweri Museveni'),('Ukraine','41,342,465','right','+380','Europe','603,628 km','7%','Verkhovna Rada','0.779','Hryvnia (₴) (UAH)',' $584 billion',' $184 billion',' 26.6','UTC+2, Summer: UTC+3 (EEST)','Ukrainian language','Kyiv','Volodymyr Zelensky'),('United Arab Emirates','9,890,400','right','+971','Asia','83,600 km2','negligible','Federal National Council','0.890','UAE dirham (AED)','US$647.650 billion','US$410.214 billion','32.5','UTC+04:00 (United Arab Emirates Standard Time','Arabic','Abu Dhabi','Khalifa bin Zayed Al Nahyan'),('United Kingdom','67,081,000','left','+44','Europe','242,495 km','1.51%','Parliament','0.932','Pound sterling',' $3.276 trillion',' $3.108 trillion',' 36.6','UTC  (Greenwich Mean Time, WET), Summer: UTC+','English language','London','Elizabeth II'),('United States','331,449,281','right','+1','North America','3,796,742 ','4.66%','Congress','0.926','U.S. dollar ($) (USD)',' $22.940 trillion',' $22.940 trillion',' 48.5','UTC−4 to −12, +10, +11, Summer: UTC−4 to −10[','English language','Washington, D.C.','Joe Biden'),('Uruguay','3,518,552','right','+598','South America','176,215 km','1.5%','General Assembly','0.817','Uruguayan peso (UYU)','$86.562 billion','$62.917 billion',' 39.7','UTC−3 (UYT)','Uruguayan Spanish','Montevideo','Luis Lacalle Pou'),('Uzbekistan','35,011,180','right','+998','Asia','448,978 km','4.9%','Oliy Majlis','0.720','Uzbek som (UZS)','$275.806 billion','$60.490 billion',' 36.7','UTC+5 (UZT)','Uzbek language, Russian language','Tashkent','Shavkat Mirziyoyev'),('Vatican City','453','right','+379','Europe','0.49 km2 ','','Pontifical Commission','','Euro (€) (EUR)','','','','UTC+1 (CET), Summer: UTC+2 (CEST)','Italian language','Italian language','Holy See'),('Venezuela','28,887,118','right','+58','South America','916,445 km','3.2%','National Assembly','0.711','Bolívar digital (VED)',' 142.416 billion',' $44.893 billion',' 44.8','UTC−4 (VET)','Venezuelan Spanish','Caracas','Nicolás Maduro'),('Vietnam','96,208,984','right','+84','Asia','331,699 km','6.38%','National Assembly','0.704','đồng (₫) (VND)',' $1,047.318 billion',' $340.602 billion',' 35.7','UTC+07:00 (Vietnam Standard Time)','Vietnamese language','Hanoi','Nguyễn Phú Trọng'),('Yemen','30,491,000','right','+967','Asia','555,000 km','negligible','Parliament (de jure)\nSupreme Political C','0.470','Yemeni rial (YER)','$73.348 billion','$28.524 billion','36.7','UTC+3 (AST)','Modern Standard Arabic','Sana`a','Abdrabbuh Mansur Hadi'),('Zambia','17,351,708','left','+260','Africa','752,618 km','1%','National Assembly','0.584','Zambian kwacha (ZMW)','$75.857 billion','$23.946 billion','57.1','UTC+2 (CAT)','English','Lusaka','Hakainde Hichilema'),('Zimbabwe','15,092,171','left','+263','Africa','390,757 km','1%','Parliament','0.571','Zimbabwean dollar','$41.031 billion','$22.290 billion',' 50.3','UTC+2 (CAT','Chewa language, Chibarwe, Zimbabwean English, Kalanga language, Khoisan languages, Nambya language, ','Harare','Emmerson Mnangagwa');
/*!40000 ALTER TABLE `country` ENABLE KEYS */;
UNLOCK TABLES;

--
-- Table structure for table `presidentmonarch`
--

DROP TABLE IF EXISTS `presidentmonarch`;
/*!40101 SET @saved_cs_client     = @@character_set_client */;
/*!50503 SET character_set_client = utf8mb4 */;
CREATE TABLE `presidentmonarch` (
  `Name` varchar(35) NOT NULL,
  `Birthdate` varchar(30) NOT NULL,
  `OfficeDate` varchar(85) DEFAULT NULL,
  `PoliticalParty` varchar(55) DEFAULT NULL,
  PRIMARY KEY (`Name`,`Birthdate`)
) ENGINE=InnoDB DEFAULT CHARSET=utf8mb4 COLLATE=utf8mb4_0900_ai_ci;
/*!40101 SET character_set_client = @saved_cs_client */;

--
-- Dumping data for table `presidentmonarch`
--

LOCK TABLES `presidentmonarch` WRITE;
/*!40000 ALTER TABLE `presidentmonarch` DISABLE KEYS */;
INSERT INTO `presidentmonarch` VALUES ('','','',''),('Abdel Fattah al-Burhan','1960','25 October 2021',''),('Abdel Fattah el-Sisi','1954-11-19','8 June 2014','Independent'),('Abdelmadjid Tebboune','1945-11-17','19 December 2019','National Liberation Front'),('Abdrabbuh Mansur Hadi','1945-09-01','27 February 2012','General People`s Congress'),('Abdul Hamid (politician)','1944-01-01','14 March 2013','Awami League'),('Abdullah II of Jordan','1962-01-30','7 February 1999',''),('Abdullah of Pahang','1959-07-30','31 January 2019',''),('Adama Barrow','1965-02-15','19 January 2017[i]','National People`s Party'),('Alar Karis','1958-03-26','11 October 2021','Independent'),('Alassane Ouattara','1942-01-01','4 December 2010','Democratic Party'),('Albert II, Prince of Monaco','1958-03-14','6 April 2005',''),('Alberto Fernández','1959-04-02','10 December 2019','Justicialist Party'),('Aleksandar Vučić','1970-03-05','31 May 2017','SRS'),('Alexander Lukashenko','1954-08-31','20 July 1994 (Disputed since 23 September 2020)[1]','Independent'),('Alexander Van der Bellen','1944-01-18','26 January 2017','Independent'),('Ali Bongo Ondimba','1959-02-09','16 October 2009','PDG'),('Ali Khamenei','1939-07-16','4 June 1989Acting: 4 June – 6 August 1989[1]','Independent'),('Andrés Manuel López Obrador','1953-11-13','1 December 2018','National Regeneration Movement'),('Andry Rajoelina','1974-05-30','19 January 2019','Young Malagasies Determined'),('Andrzej Duda','1972-05-16','6 August 2015','Independent'),('Ariel Henry','1949-11-06','20 July 2021','Inite'),('Arif Alvi','1949-08-29','9 September 2018','Pakistan Tehreek-e-Insaf'),('Armen Sarkissian','1952-06-23','9 April 2018','Independent'),('Assimi Goïta','','24 May 2021',''),('Azali Assoumani','1959-01-01','26 May 2019','Convention for the Renewal of the Comoros'),('Barham Salih','1960-09-12','2 October 2018','Patriotic Union of Kurdistan'),('Bashar al-Assad','1965-09-11','17 July 2000','Syrian Ba`ath Party'),('Bidya Devi Bhandari','1961-06-19','29 October 2015','Independent'),('Borut Pahor','1963-11-02','22 December 2012','SKJ'),('Carl XVI Gustaf of Sweden','1946-04-30','15 September 1973',''),('Carlos Alvarado Quesada','1980-01-14','8 May 2018','Citizens` Action Party'),('Carlos Vila Nova','','2 October 2021[1]','ADI'),('Chan Santokhi','1959-02-03','16 July 2020','Progressive Reform Party'),('Charles Savarin','1943-10-02','2 October 2013','Labour Party'),('Christian Schmidt (politician)','1957-08-26','1 August 2021','Christian Social Union (CSU)'),('Cyril Ramaphosa','1952-11-17','15 February 2018Acting: 14 February 2018 – 15 February 2018','African National Congress'),('Daniel Ortega','1945-11-11','10 January 2007','FSLN'),('Denis Sassou Nguesso','1943-11-23','25 October 1997','Congolese Party of Labour'),('Egils Levits','1955-06-30','8 July 2019','Latvian Way'),('Elizabeth II','1926-04-21','6 February 1952',''),('Emmanuel Macron','1977-12-21','14 May 2017','La République En Marche!'),('Emmerson Mnangagwa','1942-09-15','24 November 2017','United National Independence Party'),('Emomali Rahmon','1952-10-05','16 November 1994','People`s Democratic Party'),('Évariste Ndayishimiye','','18 June 2020','CNDD–FDD'),('Faure Gnassingbé','1966-06-06','4 May 2005','UNIR'),('Faustin-Archange Touadéra','1957-04-21','30 March 2016','United Hearts Movement'),('Felipe VI','1968-01-30','19 June 2014',''),('Félix Tshisekedi','1963-06-13','24 January 2019','Union for Democracy and Social Progress'),('Filipe Nyusi','1959-02-12','15 January 2015','FRELIMO'),('Francesco Mussoni','1971-05-15','1 October 2021Serving with Giacomo Simoncini','Sammarinese Christian Democratic Party'),('Francisco Guterres','1954-09-07','20 May 2017','Fretilin'),('Frank-Walter Steinmeier','1956-01-05','19 March 2017','Social Democratic Party'),('George Vella','1942-04-24','4 April 2019','Labour'),('George Weah','1966-10-01','22 January 2018','Congress for Democratic Change'),('Gitanas Nausėda','1964-05-19','12 July 2019','Independent'),('Gotabaya Rajapaksa','1949-06-20','18 November 2019',''),('Guðni Th. Jóhannesson','1968-06-26','1 August 2016','Independent'),('Guillermo Lasso','1955-11-16','24 May 2021','Creating Opportunities'),('Gurbanguly Berdimuhamedow','1957-06-29','14 February 2007 Acting: 21 December 2006 – 14 February 2007','Independent'),('Guy Parmelin','1959-11-09','1 January 2021','Swiss People`s Party'),('Hage Geingob','1941-08-03','21 March 2015','SWAPO'),('Haitham bin Tariq','1955-10-11','11 January 2020',''),('Hakainde Hichilema','1962-06-04','24 August 2021','United Party for National Development'),('Halimah Yacob','1954-08-23','14 September 2017','Independent'),('Hamad bin Isa Al Khalifa','1950-01-28','14 February 2002',''),('Hans-Adam II','1945-02-14','13 November 1989',''),('Harald V of Norway','1937-02-21','17 January 1991',''),('Henri, Grand Duke of Luxembourg','1955-04-16','7 October 2000',''),('Hibatullah Akhundzada','','19 August 2021[1]',''),('Holy See','','',''),('Ibrahim Mohamed Solih','1962-03-01','17 November 2018','Maldivian Democratic Party'),('Ilham Aliyev','1961-12-24','31 October 2003','New Azerbaijan Party'),('Ilir Meta','1969-03-24','24 July 2017','Independent'),('Irfaan Ali','1980-04-25','2 August 2020','People`s Progressive Party/Civic'),('Isaac Herzog','1960-09-22','7 July 2021','Labor Party'),('Isaias Afwerki','1946-02-02','24 May 1993','People`s Front for Democracy and Justice'),('Ismaïl Omar Guelleh','1947-11-27','8 May 1999','People`s Rally for Progress'),('Iván Duque Márquez','1976-08-01','7 August 2018','Democratic Center'),('Jair Bolsonaro','1955-03-21','1 January 2019','Independent'),('János Áder','1959-05-09','10 May 2012','Fidesz'),('Jigme Khesar Namgyel Wangchuck','1980-02-21','9 December 20',''),('Joan Enric Vives Sicília','1949-07-24','12 May 2003',''),('João Lourenço','1954-03-05','26 September 2017','People`s Movement for the Liberation of Angola'),('Joe Biden','1942-11-20','January 20, 2021','Democratic'),('Joko Widodo','1961-06-21','20 October 2014','PDI-P'),('Jorge Carlos Fonseca','1950-10-20','9 September 2011','Movement for Democracy'),('Juan Orlando Hernández','1968-10-28','27 January 2014','National Party'),('Julius Maada Bio','1964-05-12','4 April 2018','Sierra Leone People`s Party'),('Kais Saied','1958-02-22','23 October 2019','Independent'),('Kassym-Jomart Tokayev','1953-05-17','20 March 2019Acting: 20 March 2019 – 12 June 2019','Nur Otan'),('Katerina Sakellaropoulou','1956-05-30','13 March 2020','Independent'),('Khalifa bin Zayed Al Nahyan','1948-09-07','3 November 2004',''),('Kim Jong-un','1982-01-08','11 April 2012','Workers` Party of Korea'),('Klaus Iohannis','1959-06-13','21 December 2014','Independent politician'),('Laurentino Cortizo','1953-01-30','1 July 2019','Democratic Revolutionary Party'),('Lazarus McCarthy Chakwera','1955-04-05','28 June 2020','Malawi Congress Party'),('Letsie III of Lesotho','1963-07-17','7 February 1996',''),('Luis Abinader','1967-07-12','16 August 2020','Modern Revolutionary Party'),('Luis Arce','1963-09-28','8 November 2020','Movement for Socialism'),('Luis Lacalle Pou','1973-08-11','1 March 2020','National Party'),('Macky Sall','1961-12-11','2 April 2012','Senegalese Democratic Party'),('Mahamat Déby','1984-01-01','20 April 2021',''),('Maia Sandu','1972-05-24','24 December 2020','Independent'),('Mamady Doumbouya','','1 October 2021',''),('Marcelo Rebelo de Sousa','1948-12-12','9 March 2016','Independent'),('Margrethe II of Denmark','1940-04-16','14 January 1972',''),('Mario Abdo Benítez','1971-11-10','15 August 2018','Colorado Party'),('Michael D. Higgins','1941-04-18','11 November 2011','Independent'),('Michel Aoun','1933-09-30','31 October 2016','Free Patriotic Movement'),('Miguel Díaz-Canel','1960-04-20','19 April 2021','Communist'),('Milo Đukanović','1962-02-15','20 May 2018','SKJ'),('Miloš Zeman','1944-09-28','8 March 2013','Communist Party'),('Mohamed Abdullahi Mohamed','1962-03-11','16 February 2017','citation needed'),('Mohamed al-Menfi','1976-03-03','15 March 2021',''),('Mohamed Bazoum','1960-01-01','2 April 2021','Nigerien Party for Democracy and Socialism'),('Mohamed Ould Ghazouani','1956-12-04','1 August 2019','Union for the Republic'),('Mohammed VI of Morocco','1963-08-21','23 July 1999',''),('Mokgweetsi Masisi','1962-07-21','1 April 2018','Botswana Democratic Party'),('Moon Jae-in','1953-01-24','May 10, 2017','Democratic'),('Mswati III','1968-04-19','25 April 1986',''),('Muhammadu Buhari','1942-12-17','30 May 2015','All Progressives Congress'),('Myint Swe','1951-05-24','1 February 2021','Union Solidarity and Development Party'),('Nana Akufo-Addo','1944-03-29','7 January 2017','New Patriotic Party'),('Naruhito','1960-02-23','',''),('Nawaf Al-Ahmad Al-Jaber Al-Sabah','1937-06-25','30 September 2020',''),('Nayib Bukele','1981-07-24','1 June 2019','Nuevas Ideas'),('Nguyễn Phú Trọng','1944-04-14','January 19, 2011','Communist Party of Vietnam'),('Nicolás Maduro','1962-11-23','5 March 2013Acting until 19 April 2013Disputed with Juan Guaidósince 23 January 2019','United Socialist Party of Venezuela'),('Nicos Anastasiades','1946-09-27','28 February 2013','Centre Union'),('Norodom Sihamoni','1953-05-14','14 October 2004',''),('Patrice Talon','1958-05-01','6 April 2016','Independent'),('Paul Biya','1933-02-13','6 November 1982','RDPC'),('Paul Kagame','1957-10-23','22 April 2000','Rwandan Patriotic Front'),('Paula-Mae Weekes','1958-12-23','19 March 2018','Independent'),('Pedro Castillo','1969-10-19','28 July 2021','Free Peru'),('Philippe of Belgium','1960-04-15','21 July 2013',''),('Prithvirajsing Roopun','1959-05-24','2 December 2019','Militant Socialist Movement'),('Ram Nath Kovind','1945-10-01','25 July 2017[1]','Bharatiya Janata Party'),('Recep Tayyip Erdoğan','1954-02-26','28 August 2014','Justice and Development Party'),('Roch Marc Christian Kaboré','1957-04-25','29 December 2015','Organization for Popular Democracy – Labour Movement'),('Rodrigo Duterte','1945-03-28','June 30, 2016','PDP–Laban'),('Rumen Radev','1963-06-18','22 January 2017','Independent'),('Sadyr Japarov','1968-12-06','28 January 2021','Mekenchil'),('Sahle-Work Zewde','1950-02-21','25 October 2018','Independent'),('Salman bin Abdulaziz','1935-12-31','23 January 2015',''),('Salome Zurabishvili','1952-03-18','16 December 2018','Way of Georgia'),('Salva Kiir Mayardit','1951-09-13','9 July 2011','Sudan People`s Liberation Movement'),('Samia Suluhu','1960-01-27','19 March 2021','Chama Cha Mapinduzi'),('Sauli Niinistö','1948-08-24','1 March 2012','Independent'),('Sebastián Piñera','1949-12-01','11 March 2018','National Renewal'),('Sergio Mattarella','1941-07-23','3 February 2015','Independent'),('Shavkat Mirziyoyev','1957-07-24','14 December 2016Acting: 8 September 2016 – 14 December 2016','Liberal Democratic Party'),('Stevo Pendarovski','1963-04-03','12 May 2019',''),('Tamim bin Hamad Al Thani','1980-06-03','',''),('Teodoro Obiang Nguema Mbasogo','1942-06-05','3 August 1979','Democratic Party'),('Thongloun Sisoulith','1945-11-10','15 January 2021','Lao People`s Revolutionary Party'),('Uhuru Kenyatta','1961-10-26','9 April 2013','Kenya African National Union'),('Ukhnaagiin Khürelsükh','1968-06-14','25 June 2021','Mongolian People`s Party'),('Umaro Sissoco Embaló','1972-09-23','27 February 2020','Madem G15'),('Vajiralongkorn','1952-07-28','13 October 2016 – ',''),('Vladimir Putin','1952-10-07','7 May 2012','Independent'),('Volodymyr Zelensky','1978-01-25','20 May 2019','Independent'),('Wavel Ramkalawan','1959-03-15','26 October 2020','Linyon Demokratik Seselwa'),('Willem-Alexander of the Netherlands','1967-04-27','30 April 2013',''),('Xi Jinping','1953-06-15','15 November 2012','Chinese Communist Party'),('Yoweri Museveni','1944-09-15','29 January 1986','National Resistance Movement'),('Zoran Milanović','1966-10-30','19 February 2020','Independent'),('Zuzana Čaputová','1973-06-21','15 June 2019','Progressive Slovakia');
/*!40000 ALTER TABLE `presidentmonarch` ENABLE KEYS */;
UNLOCK TABLES;

--
-- Table structure for table `users`
--

DROP TABLE IF EXISTS `users`;
/*!40101 SET @saved_cs_client     = @@character_set_client */;
/*!50503 SET character_set_client = utf8mb4 */;
CREATE TABLE `users` (
  `EmailAddress` varchar(40) NOT NULL,
  `UserName` varchar(30) NOT NULL,
  `Gender` char(1) NOT NULL,
  `Age` int NOT NULL,
  `BirthDate` date NOT NULL,
  `VisitedCountry` varchar(40) DEFAULT NULL,
  `ArrivalDate` date DEFAULT NULL,
  `DepartureDate` date DEFAULT NULL,
  `Rating_1out10` decimal(2,1) DEFAULT NULL,
  `TextualReview` varchar(300) DEFAULT NULL,
  PRIMARY KEY (`UserName`),
  UNIQUE KEY `UserName_UNIQUE` (`UserName`),
  KEY `countryName_idx` (`VisitedCountry`),
  CONSTRAINT `countryInfo` FOREIGN KEY (`VisitedCountry`) REFERENCES `country` (`Name`)
) ENGINE=InnoDB DEFAULT CHARSET=utf8mb4 COLLATE=utf8mb4_0900_ai_ci;
/*!40101 SET character_set_client = @saved_cs_client */;

--
-- Dumping data for table `users`
--

LOCK TABLES `users` WRITE;
/*!40000 ALTER TABLE `users` DISABLE KEYS */;
INSERT INTO `users` VALUES ('fmtbebuck@comcast.net','albydecker','f',34,'1967-01-01','Zimbabwe','2020-05-09','2019-03-18',7.0,'will visit again'),('pedwards@icloud.com','amaliabeach','m',20,'1961-06-28','Singapore','2018-08-01','2021-03-08',7.0,'excellent will visit it again'),('ilyaz@verizon.net','arifdoherty','m',41,'1981-07-29','Morocco','2019-04-26','2021-05-19',7.0,'excellent will visit it again'),('hellfire@mac.com','asmagriffith','f',60,'1999-08-14','Iraq','2021-03-09','2019-09-27',3.0,'will visit again'),('kayvonf@aol.com','bentleyalston','m',36,'1985-10-12','Slovakia','2019-04-24','2019-12-10',8.0,'excellent will visit it again'),('jfriedl@live.com','caironhartman','m',48,'1964-07-09','Italy','2017-03-11','2017-03-28',9.0,'excellent will visit it again'),('maneesh@gmail.com','chardonnayflores','m',40,'1972-03-23','Egypt','2018-01-07','2018-02-18',1.0,'excellent will visit it again'),('stewwy@yahoo.com','deliaferguson','f',31,'1966-05-14','Ukraine','2017-06-22','2019-10-28',1.0,'will visit again'),('breegster@live.com','duncanschroeder','m',47,'1965-09-21','France','2016-02-12','2018-03-13',2.0,'poor experience'),('manuals@outlook.com','ernestlott','m',34,'1963-05-17','Nicaragua','2015-07-04','2016-08-20',2.0,'excellent will visit it again'),('stakasa@mac.com','evamcknight','m',53,'1970-07-09','Zambia','2020-01-19','2015-03-05',9.0,'excellent will visit it again'),('sokol@hotmail.com','fentonsutherland','f',17,'1977-09-22','South Africa','2018-07-09','2016-04-28',7.0,'will visit again'),('mjewell@gmail.com','gurveerburns','m',38,'1964-02-12','South Korea','2015-04-28','2020-06-16',8.0,'excellent will visit it again'),('hellfire@me.com','jaidenwooten','f',22,'1968-05-15','Sierra Leone','2018-01-31','2020-10-04',8.0,'will visit again'),('retoh@sbcglobal.net','kathrynkirkpatrick','m',30,'1984-09-23','Libya','2015-12-13','2016-07-10',9.0,'excellent will visit it again'),('brainless@me.com','kolefirth','m',17,'1995-08-29','Andorra','2015-12-22','2015-11-12',5.0,'poor experience'),('gerlo@live.com','leodaugherty','m',23,'1966-09-27','Djibouti','2018-07-16','2019-11-15',2.0,'excellent will visit it again'),('kaiser@msn.com','mia-rosecollins','m',55,'1963-03-04','Qatar','2021-01-20','2021-08-26',9.0,'excellent will visit it again'),('arebenti@icloud.com','myshaali','f',25,'1989-11-11','Malta','2019-10-02','2017-04-17',1.0,'will visit again'),('druschel@msn.com','natanielrankin','m',19,'1965-07-23','Belgium','2017-12-23','2018-08-12',1.0,'excellent will visit it again'),('kannan@yahoo.com','nualareynolds','f',30,'1985-04-18','Nigeria','2019-08-03','2021-04-04',1.0,'will visit again'),('satishr@verizon.net','owensumner','m',27,'1965-08-06','Brazil','2020-12-21','2017-12-12',3.0,'excellent will visit it again'),('unreal@aol.com','percysheehan','f',43,'1969-07-03','Bhutan','2017-02-02','2021-07-30',6.0,'poor experience'),('paulv@verizon.net','poppiemac','f',16,'1977-08-23','Algeria','2018-12-29','2021-01-09',1.0,'will visit again'),('liedra@aol.com','radhikalowe','m',16,'1989-05-11','Niger','2017-03-06','2020-11-19',5.0,'excellent will visit it again'),('peterhoeg@yahoo.ca','sabinadaly','m',50,'1989-08-05','Cuba','2016-08-17','2016-12-04',4.0,'excellent will visit it again'),('jrkorson@optonline.net','samiapeterson','f',33,'1975-01-22','Angola','2020-06-08','2020-10-02',5.0,'will visit again'),('paley@att.net','serenitymarin','m',38,'1974-01-11','Israel','2019-08-31','2021-01-21',5.0,'excellent will visit it again'),('maikelnai@sbcglobal.net','sidrabradshaw','m',35,'1976-01-11','Kyrgyzstan','2021-08-12','2016-01-21',5.0,'poor experience'),('grady@comcast.net','simeonchamberlain','f',19,'1992-01-19','Hong Kong','2017-03-08','2017-05-19',2.0,'will visit again'),('notaprguy@verizon.net','sohailsouthern','f',56,'1960-12-19','El Salvador','2015-09-19','2021-10-17',3.0,'will visit again'),('amaranth@optonline.net','stanleygill','f',37,'1992-08-15','Japan','2015-04-05','2018-02-13',7.0,'poor experience'),('yamla@gmail.com','tariqmills','f',30,'1997-11-27','Moldova','2019-03-14','2019-03-12',9.0,'will visit again'),('jbuchana@live.com','tulisalyon','f',18,'1995-08-31','Philippines','2021-03-25','2016-01-08',4.0,'will visit again'),('naupa@msn.com','willowmontes','f',34,'1961-07-08','Peru','2016-02-17','2018-01-12',7.0,'will visit again'),('oechslin@gmail.com','yvettegriffin','f',54,'1977-04-25','Cyprus','2019-03-06','2020-02-09',5.0,'poor experience'),('jgmyers@verizon.net','zaaracoates','m',18,'1966-01-03','Saint Kitts and Nevis','2016-03-21','2021-05-21',7.0,'excellent will visit it again');
/*!40000 ALTER TABLE `users` ENABLE KEYS */;
UNLOCK TABLES;
/*!40103 SET TIME_ZONE=@OLD_TIME_ZONE */;

/*!40101 SET SQL_MODE=@OLD_SQL_MODE */;
/*!40014 SET FOREIGN_KEY_CHECKS=@OLD_FOREIGN_KEY_CHECKS */;
/*!40014 SET UNIQUE_CHECKS=@OLD_UNIQUE_CHECKS */;
/*!40101 SET CHARACTER_SET_CLIENT=@OLD_CHARACTER_SET_CLIENT */;
/*!40101 SET CHARACTER_SET_RESULTS=@OLD_CHARACTER_SET_RESULTS */;
/*!40101 SET COLLATION_CONNECTION=@OLD_COLLATION_CONNECTION */;
/*!40111 SET SQL_NOTES=@OLD_SQL_NOTES */;

-- Dump completed on 2021-11-09 12:38:47
